{
  "approach": "fl_secure",
  "experiment_name": "ablation_layers_3",
  "timestamp": "2026-01-27T13:01:01.772277",
  "model_config": {
    "in_channels": 191,
    "hidden_dim": 128,
    "dropout": 0.3,
    "num_exchanges": 3,
    "num_categories": 6,
    "num_layers": 3
  },
  "training_config": {
    "rounds": 20,
    "local_epochs": 3,
    "lr": 0.002,
    "alpha_forward": 1.0,
    "alpha_backward": 1.5,
    "split_ratio": "60/20/20"
  },
  "security_config": {
    "client_dp_enabled": false,
    "server_dp_enabled": true,
    "epsilon": 8.0,
    "noise_multiplier": 0.1,
    "flame_enabled": true,
    "adversarial_enabled": true
  },
  "data_config": {
    "split_seed": 42,
    "split_ratio": "60/20/20",
    "feature_count": 191,
    "total_transactions": 203769,
    "transactions_per_exchange": [
      67923,
      67923,
      67923
    ],
    "train_size_per_exchange": [
      40753,
      40753,
      40753
    ],
    "test_size_per_exchange": [
      13585,
      13585,
      13585
    ]
  },
  "test_metrics": {
    "forward_accuracy": 0.8573426405588785,
    "backward_accuracy": 0.8742606043815613,
    "f1_score": 0.8657189772393502,
    "per_category": {
      "E-commerce": 0.8435303370157877,
      "Gambling": 0.9419225653012594,
      "Services": 0.7773287494977316,
      "Retail": 0.8915325601895651,
      "Luxury": 0.9152395923932394
    },
    "per_exchange": [
      {
        "exchange_id": 0,
        "forward_accuracy": 0.9024659395217896,
        "backward_accuracy": 0.8779365420341492,
        "per_category": {
          "E-commerce": 0.8437118530273438,
          "Gambling": 0.9485714435577393,
          "Services": 0.7952559590339661,
          "Retail": 0.8853427767753601,
          "Luxury": 0.9111675024032593
        }
      },
      {
        "exchange_id": 1,
        "forward_accuracy": 0.8326830863952637,
        "backward_accuracy": 0.8706586956977844,
        "per_category": {
          "E-commerce": 0.8433583974838257,
          "Gambling": 0.9377289414405823,
          "Services": 0.762691855430603,
          "Retail": 0.8903002142906189,
          "Luxury": 0.9195266366004944
        }
      },
      {
        "exchange_id": 2,
        "forward_accuracy": 0.8368788957595825,
        "backward_accuracy": 0.8741865754127502,
        "per_category": {
          "E-commerce": 0.8435207605361938,
          "Gambling": 0.9394673109054565,
          "Services": 0.7740384340286255,
          "Retail": 0.8989546895027161,
          "Luxury": 0.9150246381759644
        }
      }
    ]
  },
  "history": {
    "rounds": [
      1,
      2,
      3,
      4,
      5,
      6,
      7,
      8,
      9,
      10,
      11,
      12,
      13,
      14,
      15,
      16,
      17,
      18,
      19,
      20
    ],
    "forward_accuracy": [
      0.7191755572954813,
      0.7002576291561127,
      0.7460925181706747,
      0.7969819704691569,
      0.8301803469657898,
      0.8227947552998861,
      0.8596736788749695,
      0.7307078838348389,
      0.8423997163772583,
      0.8235308527946472,
      0.8333701491355896,
      0.8231627941131592,
      0.8847748835881551,
      0.8764568765958151,
      0.8729235529899597,
      0.867918054262797,
      0.8238498171170553,
      0.8777573506037394,
      0.8263280590375265,
      0.8690467476844788
    ],
    "backward_accuracy": [
      0.2223829726378123,
      0.5094166994094849,
      0.5996541182200114,
      0.7082819938659668,
      0.7921264966328939,
      0.8225948611895243,
      0.8319711287816366,
      0.8444802562395731,
      0.8501583933830261,
      0.8554533918698629,
      0.8596678773562113,
      0.8620801568031311,
      0.8642903168996176,
      0.8679178555806478,
      0.8708936969439188,
      0.8706333637237549,
      0.8712787826855978,
      0.873307446638743,
      0.8755476673444113,
      0.8751699725786845
    ],
    "loss": [
      2.7877890268961587,
      2.4004871315426297,
      1.9662201669481068,
      1.6147723462846546,
      1.374593668513828,
      1.2905486557218764,
      1.1541389094458687,
      1.1374255352550084,
      1.0586597190962899,
      0.9939860767788357,
      0.9563489821222092,
      0.9355353448126053,
      0.9506046838230557,
      0.9527043302853903,
      0.8423184620009528,
      0.8247274359067281,
      0.9000797801547581,
      0.8281517624855042,
      0.8368406693140665,
      0.8138846953709921
    ],
    "flame_outliers": [
      0,
      0,
      0,
      0,
      0,
      0,
      0,
      0,
      0,
      0,
      0,
      0,
      0,
      0,
      0,
      0,
      0,
      0,
      0,
      0
    ]
  },
  "defense_stats": {
    "total_flame_outliers": 0,
    "rounds_to_converge": 6
  }
}