{
  "approach": "fl_secure",
  "experiment_name": "ablation_layers_5",
  "timestamp": "2026-01-27T13:23:41.530303",
  "model_config": {
    "in_channels": 191,
    "hidden_dim": 128,
    "dropout": 0.3,
    "num_exchanges": 3,
    "num_categories": 6,
    "num_layers": 5
  },
  "training_config": {
    "rounds": 20,
    "local_epochs": 3,
    "lr": 0.002,
    "alpha_forward": 1.0,
    "alpha_backward": 1.5,
    "split_ratio": "60/20/20"
  },
  "security_config": {
    "client_dp_enabled": false,
    "server_dp_enabled": true,
    "epsilon": 8.0,
    "noise_multiplier": 0.1,
    "flame_enabled": true,
    "adversarial_enabled": true
  },
  "data_config": {
    "split_seed": 42,
    "split_ratio": "60/20/20",
    "feature_count": 191,
    "total_transactions": 203769,
    "transactions_per_exchange": [
      67923,
      67923,
      67923
    ],
    "train_size_per_exchange": [
      40753,
      40753,
      40753
    ],
    "test_size_per_exchange": [
      13585,
      13585,
      13585
    ]
  },
  "test_metrics": {
    "forward_accuracy": 0.8226229945818583,
    "backward_accuracy": 0.8462529381116232,
    "f1_score": 0.8342706758309266,
    "per_category": {
      "E-commerce": 0.8384973804155985,
      "Gambling": 0.9099697271982828,
      "Services": 0.7379239797592163,
      "Retail": 0.8678540587425232,
      "Luxury": 0.8751190900802612
    },
    "per_exchange": [
      {
        "exchange_id": 0,
        "forward_accuracy": 0.9157158732414246,
        "backward_accuracy": 0.8556551337242126,
        "per_category": {
          "E-commerce": 0.8437118530273438,
          "Gambling": 0.9257143139839172,
          "Services": 0.7615480422973633,
          "Retail": 0.868794322013855,
          "Luxury": 0.8718274235725403
        }
      },
      {
        "exchange_id": 1,
        "forward_accuracy": 0.720574140548706,
        "backward_accuracy": 0.8385628461837769,
        "per_category": {
          "E-commerce": 0.8258145451545715,
          "Gambling": 0.8949939012527466,
          "Services": 0.7166469693183899,
          "Retail": 0.8729792237281799,
          "Luxury": 0.8828402161598206
        }
      },
      {
        "exchange_id": 2,
        "forward_accuracy": 0.8315789699554443,
        "backward_accuracy": 0.8445408344268799,
        "per_category": {
          "E-commerce": 0.8459657430648804,
          "Gambling": 0.9092009663581848,
          "Services": 0.7355769276618958,
          "Retail": 0.8617886304855347,
          "Luxury": 0.8706896305084229
        }
      }
    ]
  },
  "history": {
    "rounds": [
      1,
      2,
      3,
      4,
      5,
      6,
      7,
      8,
      9,
      10,
      11,
      12,
      13,
      14,
      15,
      16,
      17,
      18,
      19,
      20
    ],
    "forward_accuracy": [
      0.26340326635787886,
      0.5740645329157511,
      0.7362532218297323,
      0.7247699896494547,
      0.7417004108428955,
      0.7631210883458456,
      0.718930184841156,
      0.6146485010782877,
      0.8058152397473654,
      0.6103545626004537,
      0.8018157283465067,
      0.6725800633430481,
      0.8295178612073263,
      0.8244632482528687,
      0.8333701292673746,
      0.8237762053807577,
      0.8377622365951538,
      0.8001226981480917,
      0.8144522110621134,
      0.78584223985672
    ],
    "backward_accuracy": [
      0.23964249591032663,
      0.42258376876513165,
      0.5284819801648458,
      0.5779764652252197,
      0.6431478460629781,
      0.7167641520500183,
      0.7577394247055054,
      0.7849348982175192,
      0.791870911916097,
      0.8011882106463114,
      0.8101063966751099,
      0.8128470381100973,
      0.8179463744163513,
      0.8176764448483785,
      0.8242336908976237,
      0.8294757008552551,
      0.8324449261029562,
      0.835095743338267,
      0.8420260945955912,
      0.8429022431373596
    ],
    "loss": [
      3.1617475350697837,
      2.838157335917155,
      2.446190039316813,
      2.0537251631418862,
      1.7902220222685072,
      1.5590290758344862,
      1.5303753481970894,
      1.465433160463969,
      1.366028997633192,
      1.3321948978636,
      1.2184138827853732,
      1.2269385655721028,
      1.1994441085391576,
      1.1189015441470678,
      1.1490320099724665,
      1.1578980816735163,
      1.0725928412543404,
      1.0866053501764934,
      1.1389478312598336,
      1.0283667246500652
    ],
    "flame_outliers": [
      0,
      0,
      0,
      0,
      0,
      0,
      0,
      0,
      0,
      0,
      0,
      0,
      0,
      0,
      0,
      0,
      0,
      0,
      0,
      0
    ]
  },
  "defense_stats": {
    "total_flame_outliers": 0,
    "rounds_to_converge": 11
  }
}