{
  "approach": "fl_secure",
  "experiment_name": "ablation_layers_4",
  "timestamp": "2026-01-27T13:11:35.349092",
  "model_config": {
    "in_channels": 191,
    "hidden_dim": 128,
    "dropout": 0.3,
    "num_exchanges": 3,
    "num_categories": 6,
    "num_layers": 4
  },
  "training_config": {
    "rounds": 20,
    "local_epochs": 3,
    "lr": 0.002,
    "alpha_forward": 1.0,
    "alpha_backward": 1.5,
    "split_ratio": "60/20/20"
  },
  "security_config": {
    "client_dp_enabled": false,
    "server_dp_enabled": true,
    "epsilon": 8.0,
    "noise_multiplier": 0.1,
    "flame_enabled": true,
    "adversarial_enabled": true
  },
  "data_config": {
    "split_seed": 42,
    "split_ratio": "60/20/20",
    "feature_count": 191,
    "total_transactions": 203769,
    "transactions_per_exchange": [
      67923,
      67923,
      67923
    ],
    "train_size_per_exchange": [
      40753,
      40753,
      40753
    ],
    "test_size_per_exchange": [
      13585,
      13585,
      13585
    ]
  },
  "test_metrics": {
    "forward_accuracy": 0.8138142426808676,
    "backward_accuracy": 0.8648799260457357,
    "f1_score": 0.8385703782586098,
    "per_category": {
      "E-commerce": 0.8713605403900146,
      "Gambling": 0.9247529109319051,
      "Services": 0.7476204633712769,
      "Retail": 0.8845886588096619,
      "Luxury": 0.8946919242540995
    },
    "per_exchange": [
      {
        "exchange_id": 0,
        "forward_accuracy": 0.8054471611976624,
        "backward_accuracy": 0.8721240162849426,
        "per_category": {
          "E-commerce": 0.8742368817329407,
          "Gambling": 0.9359999895095825,
          "Services": 0.7478152513504028,
          "Retail": 0.8865247964859009,
          "Luxury": 0.9098984599113464
        }
      },
      {
        "exchange_id": 1,
        "forward_accuracy": 0.834302544593811,
        "backward_accuracy": 0.8570060133934021,
        "per_category": {
          "E-commerce": 0.859649121761322,
          "Gambling": 0.9145299196243286,
          "Services": 0.7414403557777405,
          "Retail": 0.8810623288154602,
          "Luxury": 0.8899408578872681
        }
      },
      {
        "exchange_id": 2,
        "forward_accuracy": 0.8016930222511292,
        "backward_accuracy": 0.8655097484588623,
        "per_category": {
          "E-commerce": 0.8801956176757812,
          "Gambling": 0.9237288236618042,
          "Services": 0.7536057829856873,
          "Retail": 0.8861788511276245,
          "Luxury": 0.8842364549636841
        }
      }
    ]
  },
  "history": {
    "rounds": [
      1,
      2,
      3,
      4,
      5,
      6,
      7,
      8,
      9,
      10,
      11,
      12,
      13,
      14,
      15,
      16,
      17,
      18,
      19,
      20
    ],
    "forward_accuracy": [
      0.49027114113171893,
      0.707471489906311,
      0.7024904787540436,
      0.7095571060975393,
      0.7698932488759359,
      0.7990675965944926,
      0.8169058958689371,
      0.7030303279558817,
      0.7480063835779825,
      0.8404613137245178,
      0.7624340653419495,
      0.870518962542216,
      0.8593792120615641,
      0.8714022636413574,
      0.7839038173357645,
      0.828413705031077,
      0.8690712849299113,
      0.8375168641408285,
      0.8624463280042013,
      0.8705925742785136
    ],
    "backward_accuracy": [
      0.23142862816651663,
      0.4225446879863739,
      0.5721700390179952,
      0.6808022260665894,
      0.7443896134694418,
      0.7820738554000854,
      0.7914894024531046,
      0.8162760337193807,
      0.825443426767985,
      0.827082892258962,
      0.8366160194079081,
      0.839292029539744,
      0.8428183595339457,
      0.8490469058354696,
      0.8471766114234924,
      0.8520266811052958,
      0.855228066444397,
      0.8570096691449484,
      0.855908731619517,
      0.859683612982432
    ],
    "loss": [
      2.9790098932054305,
      2.6409322685665555,
      2.215429517957899,
      1.7902523279190063,
      1.4985489050547283,
      1.3690619071324666,
      1.3109697103500366,
      1.2468326886494954,
      1.2299169964260528,
      1.0743842654758031,
      1.122580647468567,
      1.0297800633642409,
      0.9728644225332473,
      1.0445055961608887,
      0.9708209104008145,
      0.9604572984907364,
      0.9997099969122144,
      0.9048232899771796,
      0.8709908127784729,
      0.886446217695872
    ],
    "flame_outliers": [
      0,
      0,
      0,
      0,
      0,
      0,
      0,
      0,
      0,
      0,
      0,
      0,
      0,
      0,
      0,
      0,
      0,
      0,
      0,
      0
    ]
  },
  "defense_stats": {
    "total_flame_outliers": 0,
    "rounds_to_converge": 10
  }
}