{
  "approach": "fl_secure",
  "experiment_name": "ablation_layers_1",
  "timestamp": "2026-01-27T12:44:05.953679",
  "model_config": {
    "in_channels": 191,
    "hidden_dim": 128,
    "dropout": 0.3,
    "num_exchanges": 3,
    "num_categories": 6,
    "num_layers": 1
  },
  "training_config": {
    "rounds": 20,
    "local_epochs": 3,
    "lr": 0.002,
    "alpha_forward": 1.0,
    "alpha_backward": 1.5,
    "split_ratio": "60/20/20"
  },
  "security_config": {
    "client_dp_enabled": false,
    "server_dp_enabled": true,
    "epsilon": 8.0,
    "noise_multiplier": 0.1,
    "flame_enabled": true,
    "adversarial_enabled": true
  },
  "data_config": {
    "split_seed": 42,
    "split_ratio": "60/20/20",
    "feature_count": 191,
    "total_transactions": 203769,
    "transactions_per_exchange": [
      67923,
      67923,
      67923
    ],
    "train_size_per_exchange": [
      40753,
      40753,
      40753
    ],
    "test_size_per_exchange": [
      13585,
      13585,
      13585
    ]
  },
  "test_metrics": {
    "forward_accuracy": 0.8627652923266093,
    "backward_accuracy": 0.8914308150609335,
    "f1_score": 0.8768638403723041,
    "per_category": {
      "E-commerce": 0.8937029639879862,
      "Gambling": 0.9423452615737915,
      "Services": 0.77381298939387,
      "Retail": 0.910973072052002,
      "Luxury": 0.9354551633199056
    },
    "per_exchange": [
      {
        "exchange_id": 0,
        "forward_accuracy": 0.9057047963142395,
        "backward_accuracy": 0.890288233757019,
        "per_category": {
          "E-commerce": 0.8730158805847168,
          "Gambling": 0.9474285840988159,
          "Services": 0.7765293121337891,
          "Retail": 0.9054373502731323,
          "Luxury": 0.9441624283790588
        }
      },
      {
        "exchange_id": 1,
        "forward_accuracy": 0.830327570438385,
        "backward_accuracy": 0.8910179734230042,
        "per_category": {
          "E-commerce": 0.9010025262832642,
          "Gambling": 0.9365079402923584,
          "Services": 0.7756788730621338,
          "Retail": 0.9076212644577026,
          "Luxury": 0.9360947012901306
        }
      },
      {
        "exchange_id": 2,
        "forward_accuracy": 0.8522635102272034,
        "backward_accuracy": 0.8929862380027771,
        "per_category": {
          "E-commerce": 0.9070904850959778,
          "Gambling": 0.9430992603302002,
          "Services": 0.7692307829856873,
          "Retail": 0.9198606014251709,
          "Luxury": 0.9261083602905273
        }
      }
    ]
  },
  "history": {
    "rounds": [
      1,
      2,
      3,
      4,
      5,
      6,
      7,
      8,
      9,
      10,
      11,
      12,
      13,
      14,
      15,
      16,
      17,
      18,
      19,
      20
    ],
    "forward_accuracy": [
      0.6100846628348032,
      0.773598313331604,
      0.8001472155253092,
      0.8613176147143046,
      0.8575635155042013,
      0.8534658352533976,
      0.8715495268503824,
      0.8692430257797241,
      0.8527788122495016,
      0.8653171261151632,
      0.8792786002159119,
      0.8778309424718221,
      0.864581028620402,
      0.8732916315396627,
      0.8756716847419739,
      0.8845540483792623,
      0.8768985271453857,
      0.8712305227915446,
      0.8667402863502502,
      0.8706416289011637
    ],
    "backward_accuracy": [
      0.29214222232500714,
      0.498712678750356,
      0.6535587509473165,
      0.7435279687245687,
      0.8028728564580282,
      0.8447121580441793,
      0.8591443498929342,
      0.8694841066996256,
      0.8800480564435323,
      0.8843972484270731,
      0.8858604629834493,
      0.8886977434158325,
      0.886197566986084,
      0.891204297542572,
      0.8884393771489462,
      0.8895761966705322,
      0.8928808371225992,
      0.8921549320220947,
      0.8914463122685751,
      0.8925566673278809
    ],
    "loss": [
      2.95819624265035,
      2.373192310333252,
      1.942527718014187,
      1.5957910484737818,
      1.299284272723728,
      1.1777732107374403,
      1.0149033202065363,
      0.9001184370782641,
      0.9236112038294474,
      0.8356712990336947,
      0.8253818485471937,
      0.8774765266312493,
      0.83006172047721,
      0.7743918299674988,
      0.8145492010646397,
      0.7654854655265808,
      0.7166192796495227,
      0.7286901672681173,
      0.7192669709523519,
      0.687301046318478
    ],
    "flame_outliers": [
      0,
      0,
      0,
      0,
      0,
      0,
      0,
      0,
      0,
      0,
      0,
      0,
      0,
      0,
      0,
      0,
      0,
      0,
      0,
      0
    ]
  },
  "defense_stats": {
    "total_flame_outliers": 0,
    "rounds_to_converge": 5
  }
}