{
  "approach": "fl_secure",
  "experiment_name": "ablation_layers_2",
  "timestamp": "2026-01-27T12:51:38.279392",
  "model_config": {
    "in_channels": 191,
    "hidden_dim": 128,
    "dropout": 0.3,
    "num_exchanges": 3,
    "num_categories": 6,
    "num_layers": 2
  },
  "training_config": {
    "rounds": 20,
    "local_epochs": 3,
    "lr": 0.002,
    "alpha_forward": 1.0,
    "alpha_backward": 1.5,
    "split_ratio": "60/20/20"
  },
  "security_config": {
    "client_dp_enabled": false,
    "server_dp_enabled": true,
    "epsilon": 8.0,
    "noise_multiplier": 0.1,
    "flame_enabled": true,
    "adversarial_enabled": true
  },
  "data_config": {
    "split_seed": 42,
    "split_ratio": "60/20/20",
    "feature_count": 191,
    "total_transactions": 203769,
    "transactions_per_exchange": [
      67923,
      67923,
      67923
    ],
    "train_size_per_exchange": [
      40753,
      40753,
      40753
    ],
    "test_size_per_exchange": [
      13585,
      13585,
      13585
    ]
  },
  "test_metrics": {
    "forward_accuracy": 0.8900748292605082,
    "backward_accuracy": 0.9040712515513102,
    "f1_score": 0.8970184462346101,
    "per_category": {
      "E-commerce": 0.9026375412940979,
      "Gambling": 0.9578834573427836,
      "Services": 0.7944147984186808,
      "Retail": 0.9172315796216329,
      "Luxury": 0.9478278160095215
    },
    "per_exchange": [
      {
        "exchange_id": 0,
        "forward_accuracy": 0.9605447053909302,
        "backward_accuracy": 0.9111164808273315,
        "per_category": {
          "E-commerce": 0.8974359035491943,
          "Gambling": 0.9599999785423279,
          "Services": 0.8189762830734253,
          "Retail": 0.9172576665878296,
          "Luxury": 0.9581218361854553
        }
      },
      {
        "exchange_id": 1,
        "forward_accuracy": 0.8304747939109802,
        "backward_accuracy": 0.8941317200660706,
        "per_category": {
          "E-commerce": 0.8984962701797485,
          "Gambling": 0.9536019563674927,
          "Services": 0.7685950398445129,
          "Retail": 0.9099307060241699,
          "Luxury": 0.942011833190918
        }
      },
      {
        "exchange_id": 2,
        "forward_accuracy": 0.8792049884796143,
        "backward_accuracy": 0.9069655537605286,
        "per_category": {
          "E-commerce": 0.9119804501533508,
          "Gambling": 0.9600484371185303,
          "Services": 0.7956730723381042,
          "Retail": 0.9245063662528992,
          "Luxury": 0.9433497786521912
        }
      }
    ]
  },
  "history": {
    "rounds": [
      1,
      2,
      3,
      4,
      5,
      6,
      7,
      8,
      9,
      10,
      11,
      12,
      13,
      14,
      15,
      16,
      17,
      18,
      19,
      20
    ],
    "forward_accuracy": [
      0.6697092254956564,
      0.7256533006827036,
      0.7153478066126505,
      0.8623727162679037,
      0.824757715066274,
      0.879695733388265,
      0.8507667581240336,
      0.8715740442276001,
      0.8999632000923157,
      0.8341062267621359,
      0.8964053392410278,
      0.9016071557998657,
      0.8870322505633036,
      0.8923322359720866,
      0.8805790742238363,
      0.8443381190299988,
      0.8782726128896078,
      0.8981229265530905,
      0.8867623607317606,
      0.8798429767290751
    ],
    "backward_accuracy": [
      0.26071397960186005,
      0.4184073209762573,
      0.6376209656397501,
      0.723779300848643,
      0.7782006859779358,
      0.8306364417076111,
      0.8551612893740336,
      0.8687898516654968,
      0.878606379032135,
      0.8864374359448751,
      0.8858711123466492,
      0.8895729780197144,
      0.8925865689913431,
      0.8937578002611796,
      0.8926220734914144,
      0.8945799668629965,
      0.8941991130510966,
      0.8953748742739359,
      0.8982133666674296,
      0.8988555073738098
    ],
    "loss": [
      2.834601799647013,
      2.346972253587511,
      2.0080219904581704,
      1.6576444440417817,
      1.4026399585935805,
      1.1983709070417616,
      1.1194189522001479,
      1.0074506998062134,
      0.9195726182725695,
      0.8816648390558032,
      0.8084794349140592,
      0.843034201198154,
      0.7862842679023743,
      0.7439385188950433,
      0.7526239024268255,
      0.8477428158124288,
      0.7595087620947097,
      0.7176919182141622,
      0.7390088505215116,
      0.7353577084011501
    ],
    "flame_outliers": [
      0,
      0,
      0,
      0,
      0,
      0,
      0,
      0,
      0,
      0,
      0,
      0,
      0,
      0,
      0,
      0,
      0,
      0,
      0,
      0
    ]
  },
  "defense_stats": {
    "total_flame_outliers": 0,
    "rounds_to_converge": 6
  }
}