{
  "approach": "fl_secure",
  "experiment_name": "ablation_epochs_3",
  "timestamp": "2026-01-27T13:37:29.710533",
  "model_config": {
    "in_channels": 191,
    "hidden_dim": 128,
    "dropout": 0.3,
    "num_exchanges": 3,
    "num_categories": 6,
    "num_layers": 3
  },
  "training_config": {
    "rounds": 20,
    "local_epochs": 3,
    "lr": 0.002,
    "alpha_forward": 1.0,
    "alpha_backward": 1.5,
    "split_ratio": "60/20/20"
  },
  "security_config": {
    "client_dp_enabled": false,
    "server_dp_enabled": true,
    "epsilon": 8.0,
    "noise_multiplier": 0.1,
    "flame_enabled": true,
    "adversarial_enabled": true
  },
  "data_config": {
    "split_seed": 42,
    "split_ratio": "60/20/20",
    "feature_count": 191,
    "total_transactions": 203769,
    "transactions_per_exchange": [
      67923,
      67923,
      67923
    ],
    "train_size_per_exchange": [
      40753,
      40753,
      40753
    ],
    "test_size_per_exchange": [
      13585,
      13585,
      13585
    ]
  },
  "test_metrics": {
    "forward_accuracy": 0.8678444226582845,
    "backward_accuracy": 0.8801239132881165,
    "f1_score": 0.8739410362164555,
    "per_category": {
      "E-commerce": 0.8616288900375366,
      "Gambling": 0.9359753926595052,
      "Services": 0.8032859365145365,
      "Retail": 0.882210890452067,
      "Luxury": 0.9169316490491232
    },
    "per_exchange": [
      {
        "exchange_id": 0,
        "forward_accuracy": 0.9256532788276672,
        "backward_accuracy": 0.8856866359710693,
        "per_category": {
          "E-commerce": 0.8559218645095825,
          "Gambling": 0.9428571462631226,
          "Services": 0.8327091336250305,
          "Retail": 0.8770685791969299,
          "Luxury": 0.9162436723709106
        }
      },
      {
        "exchange_id": 1,
        "forward_accuracy": 0.8209789991378784,
        "backward_accuracy": 0.8773652911186218,
        "per_category": {
          "E-commerce": 0.8646616339683533,
          "Gambling": 0.9352869391441345,
          "Services": 0.7874852418899536,
          "Retail": 0.8810623288154602,
          "Luxury": 0.9195266366004944
        }
      },
      {
        "exchange_id": 2,
        "forward_accuracy": 0.8569009900093079,
        "backward_accuracy": 0.8773198127746582,
        "per_category": {
          "E-commerce": 0.8643031716346741,
          "Gambling": 0.9297820925712585,
          "Services": 0.7896634340286255,
          "Retail": 0.888501763343811,
          "Luxury": 0.9150246381759644
        }
      }
    ]
  },
  "history": {
    "rounds": [
      1,
      2,
      3,
      4,
      5,
      6,
      7,
      8,
      9,
      10,
      11,
      12,
      13,
      14,
      15,
      16,
      17,
      18,
      19,
      20
    ],
    "forward_accuracy": [
      0.6553306182225546,
      0.7318365772565206,
      0.7809839248657227,
      0.7981597383817037,
      0.8240952094395956,
      0.8130536278088888,
      0.862250030040741,
      0.7635872960090637,
      0.8334437410036722,
      0.8356275161107382,
      0.8618083596229553,
      0.840240478515625,
      0.8856581846872965,
      0.878419836362203,
      0.8798920512199402,
      0.8718930085500082,
      0.8347932895024618,
      0.8837933937708536,
      0.8445834716161092,
      0.8685314853986105
    ],
    "backward_accuracy": [
      0.2184781382481257,
      0.3996630211671193,
      0.5911244750022888,
      0.6637322703997294,
      0.751863698164622,
      0.8040013909339905,
      0.8295103510220846,
      0.8373909195264181,
      0.8466032147407532,
      0.8567609588305155,
      0.8591820200284322,
      0.8633588751157125,
      0.8632301489512125,
      0.8665514389673868,
      0.8715527455012003,
      0.870394786198934,
      0.8730791409810384,
      0.8730578819910685,
      0.8762187560399374,
      0.8769794305165609
    ],
    "loss": [
      3.044581731160482,
      2.648749642901951,
      2.1836219893561464,
      1.7611260016759236,
      1.4889383845859105,
      1.3775406281153362,
      1.216850479443868,
      1.1834400958485072,
      1.0956065654754639,
      1.0229325162039862,
      0.9841554429796008,
      0.958897378709581,
      0.9681866897477044,
      0.9696184131834243,
      0.8565695550706652,
      0.8365738325648837,
      0.9164716270234851,
      0.8366256223784552,
      0.8460793826315137,
      0.8241033024258083
    ],
    "flame_outliers": [
      0,
      0,
      0,
      0,
      0,
      0,
      0,
      0,
      0,
      0,
      0,
      0,
      0,
      0,
      0,
      0,
      0,
      0,
      0,
      0
    ]
  },
  "defense_stats": {
    "total_flame_outliers": 0,
    "rounds_to_converge": 6
  }
}