{
  "approach": "fl_secure",
  "experiment_name": "ablation_epochs_1",
  "timestamp": "2026-01-27T13:29:22.246417",
  "model_config": {
    "in_channels": 191,
    "hidden_dim": 128,
    "dropout": 0.3,
    "num_exchanges": 3,
    "num_categories": 6,
    "num_layers": 3
  },
  "training_config": {
    "rounds": 35,
    "local_epochs": 1,
    "lr": 0.002,
    "alpha_forward": 1.0,
    "alpha_backward": 1.5,
    "split_ratio": "60/20/20"
  },
  "security_config": {
    "client_dp_enabled": false,
    "server_dp_enabled": true,
    "epsilon": 8.0,
    "noise_multiplier": 0.1,
    "flame_enabled": true,
    "adversarial_enabled": true
  },
  "data_config": {
    "split_seed": 42,
    "split_ratio": "60/20/20",
    "feature_count": 191,
    "total_transactions": 203769,
    "transactions_per_exchange": [
      67923,
      67923,
      67923
    ],
    "train_size_per_exchange": [
      40753,
      40753,
      40753
    ],
    "test_size_per_exchange": [
      13585,
      13585,
      13585
    ]
  },
  "test_metrics": {
    "forward_accuracy": 0.8206845919291178,
    "backward_accuracy": 0.8481792211532593,
    "f1_score": 0.8342054187264709,
    "per_category": {
      "E-commerce": 0.8812672893206278,
      "Gambling": 0.9074455499649048,
      "Services": 0.7138426899909973,
      "Retail": 0.8772324124972025,
      "Luxury": 0.8599101106325785
    },
    "per_exchange": [
      {
        "exchange_id": 0,
        "forward_accuracy": 0.7972764372825623,
        "backward_accuracy": 0.8575926423072815,
        "per_category": {
          "E-commerce": 0.8888888955116272,
          "Gambling": 0.9108571410179138,
          "Services": 0.7478152513504028,
          "Retail": 0.8829787373542786,
          "Luxury": 0.8502538204193115
        }
      },
      {
        "exchange_id": 1,
        "forward_accuracy": 0.8424733281135559,
        "backward_accuracy": 0.8409580588340759,
        "per_category": {
          "E-commerce": 0.8759398460388184,
          "Gambling": 0.8974359035491943,
          "Services": 0.6953955292701721,
          "Retail": 0.8706697225570679,
          "Luxury": 0.8686390519142151
        }
      },
      {
        "exchange_id": 2,
        "forward_accuracy": 0.8223040103912354,
        "backward_accuracy": 0.8459869623184204,
        "per_category": {
          "E-commerce": 0.878973126411438,
          "Gambling": 0.9140436053276062,
          "Services": 0.698317289352417,
          "Retail": 0.8780487775802612,
          "Luxury": 0.860837459564209
        }
      }
    ]
  },
  "history": {
    "rounds": [
      1,
      2,
      3,
      4,
      5,
      6,
      7,
      8,
      9,
      10,
      11,
      12,
      13,
      14,
      15,
      16,
      17,
      18,
      19,
      20,
      21,
      22,
      23,
      24,
      25,
      26,
      27,
      28,
      29,
      30,
      31,
      32,
      33,
      34,
      35
    ],
    "forward_accuracy": [
      0.14533185896774134,
      0.45005521178245544,
      0.42223040262858075,
      0.5663108825683594,
      0.5776959955692291,
      0.6393326123555502,
      0.6456140279769897,
      0.6802355448404948,
      0.6900012294451395,
      0.7062200903892517,
      0.6732425292332967,
      0.6387682457764944,
      0.7208195328712463,
      0.7526193062464396,
      0.8272113800048828,
      0.8185989459355673,
      0.821420689423879,
      0.8388664126396179,
      0.8502269784609476,
      0.8505704998970032,
      0.8568273584047953,
      0.8631088137626648,
      0.8352104028066,
      0.8606796662012736,
      0.832658569018046,
      0.8507177035013834,
      0.8587903380393982,
      0.8600907723108927,
      0.8567046920458475,
      0.8607287406921387,
      0.8406821290651957,
      0.8324377338091532,
      0.8530241449673971,
      0.8674273093541464,
      0.8812415798505148
    ],
    "backward_accuracy": [
      0.19634399811426798,
      0.2524094333251317,
      0.3250821530818939,
      0.3997095624605815,
      0.42387838164965314,
      0.48515230417251587,
      0.5202265977859497,
      0.5645078420639038,
      0.5884718298912048,
      0.624248186747233,
      0.6500253478686014,
      0.6812897721926371,
      0.6888762513796488,
      0.7015578150749207,
      0.7250562111536661,
      0.7289549708366394,
      0.7637196779251099,
      0.7604917486508688,
      0.7798674503962199,
      0.783133844534556,
      0.7928899129231771,
      0.7979353666305542,
      0.8023106257120768,
      0.8094146450360616,
      0.821827749411265,
      0.8212717771530151,
      0.8218238552411398,
      0.8294808864593506,
      0.8305337031682333,
      0.8346020181973776,
      0.8411120374997457,
      0.839543084303538,
      0.837530235449473,
      0.8390401601791382,
      0.8445448875427246
    ],
    "loss": [
      3.0886067549387612,
      2.941444476445516,
      2.791806697845459,
      2.6342384020487466,
      2.477989673614502,
      2.3329335848490396,
      2.186208645502726,
      2.1066121657689414,
      1.931439995765686,
      1.831211765607198,
      1.8044520616531372,
      1.72187077999115,
      1.5881888469060261,
      1.5172899166742961,
      1.5636192162831624,
      1.4257201353708904,
      1.395322362581889,
      1.3707160552342732,
      1.4424959818522136,
      1.3066229025522869,
      1.4822384516398113,
      1.2752859989802043,
      1.3366662661234539,
      1.2256991863250732,
      1.2944839000701904,
      1.1930509805679321,
      1.167615493138631,
      1.1567995150883992,
      1.1411703030268352,
      1.1370559533437092,
      1.22435728708903,
      1.1958868106206257,
      1.104175051053365,
      1.1905546585718791,
      1.2760473092397053
    ],
    "flame_outliers": [
      0,
      0,
      0,
      0,
      0,
      0,
      0,
      0,
      0,
      0,
      0,
      0,
      0,
      0,
      0,
      0,
      0,
      0,
      0,
      0,
      0,
      0,
      0,
      0,
      0,
      0,
      0,
      0,
      0,
      0,
      0,
      0,
      0,
      0,
      0
    ]
  },
  "defense_stats": {
    "total_flame_outliers": 0,
    "rounds_to_converge": 23
  }
}