{
  "approach": "fl_secure",
  "experiment_name": "ablation_epochs_5",
  "timestamp": "2026-01-27T13:47:26.413821",
  "model_config": {
    "in_channels": 191,
    "hidden_dim": 128,
    "dropout": 0.3,
    "num_exchanges": 3,
    "num_categories": 6,
    "num_layers": 3
  },
  "training_config": {
    "rounds": 15,
    "local_epochs": 5,
    "lr": 0.002,
    "alpha_forward": 1.0,
    "alpha_backward": 1.5,
    "split_ratio": "60/20/20"
  },
  "security_config": {
    "client_dp_enabled": false,
    "server_dp_enabled": true,
    "epsilon": 8.0,
    "noise_multiplier": 0.1,
    "flame_enabled": true,
    "adversarial_enabled": true
  },
  "data_config": {
    "split_seed": 42,
    "split_ratio": "60/20/20",
    "feature_count": 191,
    "total_transactions": 203769,
    "transactions_per_exchange": [
      67923,
      67923,
      67923
    ],
    "train_size_per_exchange": [
      40753,
      40753,
      40753
    ],
    "test_size_per_exchange": [
      13585,
      13585,
      13585
    ]
  },
  "test_metrics": {
    "forward_accuracy": 0.8665439883867899,
    "backward_accuracy": 0.8841341535250345,
    "f1_score": 0.8752507012258679,
    "per_category": {
      "E-commerce": 0.8820643424987793,
      "Gambling": 0.9368468324343363,
      "Services": 0.7667867143948873,
      "Retail": 0.9043160875638326,
      "Luxury": 0.9296240409215292
    },
    "per_exchange": [
      {
        "exchange_id": 0,
        "forward_accuracy": 0.9106367230415344,
        "backward_accuracy": 0.887381911277771,
        "per_category": {
          "E-commerce": 0.8827838897705078,
          "Gambling": 0.9394285678863525,
          "Services": 0.784019947052002,
          "Retail": 0.8924350142478943,
          "Luxury": 0.9340101480484009
        }
      },
      {
        "exchange_id": 1,
        "forward_accuracy": 0.8340080976486206,
        "backward_accuracy": 0.8819161653518677,
        "per_category": {
          "E-commerce": 0.8734335899353027,
          "Gambling": 0.9340659379959106,
          "Services": 0.7603305578231812,
          "Retail": 0.9076212644577026,
          "Luxury": 0.9349112510681152
        }
      },
      {
        "exchange_id": 2,
        "forward_accuracy": 0.8549871444702148,
        "backward_accuracy": 0.8831043839454651,
        "per_category": {
          "E-commerce": 0.8899755477905273,
          "Gambling": 0.9370459914207458,
          "Services": 0.7560096383094788,
          "Retail": 0.9128919839859009,
          "Luxury": 0.9199507236480713
        }
      }
    ]
  },
  "history": {
    "rounds": [
      1,
      2,
      3,
      4,
      5,
      6,
      7,
      8,
      9,
      10,
      11,
      12,
      13,
      14,
      15
    ],
    "forward_accuracy": [
      0.5952153205871582,
      0.6760642925898234,
      0.7981597383817037,
      0.8383020559946696,
      0.6949331363042196,
      0.8600417176882426,
      0.8493927121162415,
      0.8285854458808899,
      0.8676972190539042,
      0.8433075745900472,
      0.8234327038129171,
      0.8878910541534424,
      0.8313581148783366,
      0.8676972190539042,
      0.8804809252421061
    ],
    "backward_accuracy": [
      0.2965994079907735,
      0.6491133769353231,
      0.7474311987559,
      0.8064947525660197,
      0.8457947174708048,
      0.8574344515800476,
      0.8627466956774393,
      0.8716173768043518,
      0.8708311120669047,
      0.8776648640632629,
      0.8793036341667175,
      0.8805018862088522,
      0.8824377258618673,
      0.8823996980985006,
      0.8856684565544128
    ],
    "loss": [
      2.7714738527933758,
      2.095759622255961,
      1.5619693915049238,
      1.2356881737709047,
      1.1557942867279054,
      1.0079481164614361,
      0.880882743994395,
      0.8705782016118367,
      0.8054106076558432,
      0.8052771925926209,
      0.8234441240628559,
      0.778822394212087,
      0.7753350694974263,
      0.7198770085970562,
      0.7240872144699096
    ],
    "flame_outliers": [
      0,
      0,
      0,
      0,
      0,
      0,
      0,
      0,
      0,
      0,
      0,
      0,
      0,
      0,
      0
    ]
  },
  "defense_stats": {
    "total_flame_outliers": 0,
    "rounds_to_converge": 4
  }
}