{
  "approach": "fl_secure",
  "experiment_name": "fl_flame",
  "timestamp": "2026-01-27T11:35:09.674791",
  "model_config": {
    "in_channels": 191,
    "hidden_dim": 128,
    "dropout": 0.3,
    "num_exchanges": 3,
    "num_categories": 6,
    "num_layers": 3
  },
  "training_config": {
    "rounds": 20,
    "local_epochs": 3,
    "lr": 0.002,
    "alpha_forward": 1.0,
    "alpha_backward": 1.5,
    "split_ratio": "60/20/20"
  },
  "security_config": {
    "client_dp_enabled": false,
    "server_dp_enabled": false,
    "epsilon": null,
    "noise_multiplier": 0.0,
    "flame_enabled": true,
    "adversarial_enabled": false
  },
  "data_config": {
    "split_seed": 42,
    "split_ratio": "60/20/20",
    "feature_count": 191,
    "total_transactions": 203769,
    "transactions_per_exchange": [
      67923,
      67923,
      67923
    ],
    "train_size_per_exchange": [
      40753,
      40753,
      40753
    ],
    "test_size_per_exchange": [
      13585,
      13585,
      13585
    ]
  },
  "test_metrics": {
    "forward_accuracy": 0.8605815172195435,
    "backward_accuracy": 0.8840566476186117,
    "f1_score": 0.8721611465907896,
    "per_category": {
      "E-commerce": 0.8743069370587667,
      "Gambling": 0.9388680458068848,
      "Services": 0.7871541182200114,
      "Retail": 0.8949781060218811,
      "Luxury": 0.924189031124115
    },
    "per_exchange": [
      {
        "exchange_id": 0,
        "forward_accuracy": 0.8984173536300659,
        "backward_accuracy": 0.8844756484031677,
        "per_category": {
          "E-commerce": 0.8693528771400452,
          "Gambling": 0.9394285678863525,
          "Services": 0.812734067440033,
          "Retail": 0.8794326186180115,
          "Luxury": 0.9175127148628235
        }
      },
      {
        "exchange_id": 1,
        "forward_accuracy": 0.8401177525520325,
        "backward_accuracy": 0.8783233761787415,
        "per_category": {
          "E-commerce": 0.8709273338317871,
          "Gambling": 0.9352869391441345,
          "Services": 0.763872504234314,
          "Retail": 0.892609715461731,
          "Luxury": 0.9301775097846985
        }
      },
      {
        "exchange_id": 2,
        "forward_accuracy": 0.843209445476532,
        "backward_accuracy": 0.8893709182739258,
        "per_category": {
          "E-commerce": 0.8826406002044678,
          "Gambling": 0.9418886303901672,
          "Services": 0.7848557829856873,
          "Retail": 0.9128919839859009,
          "Luxury": 0.924876868724823
        }
      }
    ]
  },
  "history": {
    "rounds": [
      1,
      2,
      3,
      4,
      5,
      6,
      7,
      8,
      9,
      10,
      11,
      12,
      13,
      14,
      15,
      16,
      17,
      18,
      19,
      20
    ],
    "forward_accuracy": [
      0.6966997981071472,
      0.724181075890859,
      0.753281811873118,
      0.8077291250228882,
      0.8358238140741984,
      0.847822348276774,
      0.8541037837664286,
      0.8596736590067545,
      0.8648264209429423,
      0.8686050971349081,
      0.8739295999209086,
      0.8768740097681681,
      0.8767022490501404,
      0.8784934282302856,
      0.878051777680715,
      0.8794012864430746,
      0.8793031771977743,
      0.879744827747345,
      0.8805300196011862,
      0.880382776260376
    ],
    "backward_accuracy": [
      0.24783681829770407,
      0.42930373549461365,
      0.636446217695872,
      0.7523786226908366,
      0.8100120425224304,
      0.8374316692352295,
      0.8486712972323099,
      0.8563672105471293,
      0.863598624865214,
      0.8684469858805338,
      0.8713487188021342,
      0.8731175661087036,
      0.8760326306025187,
      0.87838214635849,
      0.880388061205546,
      0.8823968966801962,
      0.8819167216618856,
      0.8828766544659933,
      0.883517861366272,
      0.8836848934491476
    ],
    "loss": [
      2.8617214891645646,
      2.4234766165415444,
      1.963104142083062,
      1.5857266187667847,
      1.3281793196996052,
      1.1668005916807387,
      1.0612135529518127,
      0.9971900780995687,
      0.9506618976593018,
      0.9173542790942723,
      0.8857426444689432,
      0.8620447251531812,
      0.8449229862954882,
      0.8239770862791272,
      0.8132583631409539,
      0.7995802230305141,
      0.7878727051946851,
      0.7791351940896777,
      0.7693302498923407,
      0.7619206044409009
    ],
    "flame_outliers": [
      0,
      0,
      0,
      0,
      0,
      0,
      0,
      0,
      0,
      0,
      0,
      0,
      0,
      0,
      0,
      0,
      0,
      0,
      0,
      0
    ]
  },
  "defense_stats": {
    "total_flame_outliers": 0,
    "rounds_to_converge": 5
  }
}