{
  "approach": "fl_secure",
  "experiment_name": "fl_full",
  "timestamp": "2026-01-27T11:43:24.211282",
  "model_config": {
    "in_channels": 191,
    "hidden_dim": 128,
    "dropout": 0.3,
    "num_exchanges": 3,
    "num_categories": 6,
    "num_layers": 3
  },
  "training_config": {
    "rounds": 20,
    "local_epochs": 3,
    "lr": 0.002,
    "alpha_forward": 1.0,
    "alpha_backward": 1.5,
    "split_ratio": "60/20/20"
  },
  "security_config": {
    "client_dp_enabled": false,
    "server_dp_enabled": true,
    "epsilon": 8.0,
    "noise_multiplier": 0.1,
    "flame_enabled": true,
    "adversarial_enabled": true
  },
  "data_config": {
    "split_seed": 42,
    "split_ratio": "60/20/20",
    "feature_count": 191,
    "total_transactions": 203769,
    "transactions_per_exchange": [
      67923,
      67923,
      67923
    ],
    "train_size_per_exchange": [
      40753,
      40753,
      40753
    ],
    "test_size_per_exchange": [
      13585,
      13585,
      13585
    ]
  },
  "test_metrics": {
    "forward_accuracy": 0.8631333708763123,
    "backward_accuracy": 0.8796486854553223,
    "f1_score": 0.8713127752326255,
    "per_category": {
      "E-commerce": 0.8513545195261637,
      "Gambling": 0.9316531221071879,
      "Services": 0.7822347283363342,
      "Retail": 0.9012985626856486,
      "Luxury": 0.9305806756019592
    },
    "per_exchange": [
      {
        "exchange_id": 0,
        "forward_accuracy": 0.9207214117050171,
        "backward_accuracy": 0.8871397376060486,
        "per_category": {
          "E-commerce": 0.8437118530273438,
          "Gambling": 0.9348571300506592,
          "Services": 0.807740330696106,
          "Retail": 0.9030733108520508,
          "Luxury": 0.942893385887146
        }
      },
      {
        "exchange_id": 1,
        "forward_accuracy": 0.8225248456001282,
        "backward_accuracy": 0.8752095699310303,
        "per_category": {
          "E-commerce": 0.853383481502533,
          "Gambling": 0.920634925365448,
          "Services": 0.772136926651001,
          "Retail": 0.898383378982544,
          "Luxury": 0.9313609600067139
        }
      },
      {
        "exchange_id": 2,
        "forward_accuracy": 0.8461538553237915,
        "backward_accuracy": 0.8765967488288879,
        "per_category": {
          "E-commerce": 0.8569682240486145,
          "Gambling": 0.9394673109054565,
          "Services": 0.7668269276618958,
          "Retail": 0.9024389982223511,
          "Luxury": 0.9174876809120178
        }
      }
    ]
  },
  "history": {
    "rounds": [
      1,
      2,
      3,
      4,
      5,
      6,
      7,
      8,
      9,
      10,
      11,
      12,
      13,
      14,
      15,
      16,
      17,
      18,
      19,
      20
    ],
    "forward_accuracy": [
      0.6481413344542185,
      0.6801128685474396,
      0.7005030115445455,
      0.7464360197385153,
      0.8045147856076559,
      0.7875352700551351,
      0.8623972535133362,
      0.7347564895947775,
      0.8382774988810221,
      0.8246595660845438,
      0.8496135473251343,
      0.8291988571484884,
      0.8857072790463766,
      0.8772420684496561,
      0.8743957678476969,
      0.8673536976178488,
      0.8435529470443726,
      0.8799656629562378,
      0.8271868427594503,
      0.8625935316085815
    ],
    "backward_accuracy": [
      0.21500691771507263,
      0.4090189238389333,
      0.5852179725964864,
      0.7103142340977987,
      0.7562686006228129,
      0.7882077495257059,
      0.8213343222935995,
      0.8371017177899679,
      0.8488690654436747,
      0.8549419641494751,
      0.8614794015884399,
      0.8656019767125448,
      0.8681581616401672,
      0.8686308860778809,
      0.8723634680112203,
      0.8732346892356873,
      0.8746132453282675,
      0.8772781689961752,
      0.8769504030545553,
      0.8755060235659281
    ],
    "loss": [
      2.855207469728258,
      2.4500299824608693,
      2.0016709433661566,
      1.6476498312420313,
      1.400461647245619,
      1.3157610760794747,
      1.1720741324954564,
      1.1463849544525146,
      1.0655193196402657,
      1.0011125604311626,
      0.9634890026516385,
      0.9419937796062893,
      0.9612532589170669,
      0.9620474047131009,
      0.8453668289714389,
      0.8284905552864075,
      0.9049792819552951,
      0.8231233821974859,
      0.8353084988064235,
      0.8119877179463705
    ],
    "flame_outliers": [
      0,
      0,
      0,
      0,
      0,
      0,
      0,
      0,
      0,
      0,
      0,
      0,
      0,
      0,
      0,
      0,
      0,
      0,
      0,
      0
    ]
  },
  "defense_stats": {
    "total_flame_outliers": 0,
    "rounds_to_converge": 7
  }
}