{
  "approach": "fl_secure",
  "experiment_name": "fl_nosec",
  "timestamp": "2026-01-27T11:18:53.564240",
  "model_config": {
    "in_channels": 191,
    "hidden_dim": 128,
    "dropout": 0.3,
    "num_exchanges": 3,
    "num_categories": 6,
    "num_layers": 3
  },
  "training_config": {
    "rounds": 20,
    "local_epochs": 3,
    "lr": 0.002,
    "alpha_forward": 1.0,
    "alpha_backward": 1.5,
    "split_ratio": "60/20/20"
  },
  "security_config": {
    "client_dp_enabled": false,
    "server_dp_enabled": false,
    "epsilon": null,
    "noise_multiplier": 0.0,
    "flame_enabled": false,
    "adversarial_enabled": false
  },
  "data_config": {
    "split_seed": 42,
    "split_ratio": "60/20/20",
    "feature_count": 191,
    "total_transactions": 203769,
    "transactions_per_exchange": [
      67923,
      67923,
      67923
    ],
    "train_size_per_exchange": [
      40753,
      40753,
      40753
    ],
    "test_size_per_exchange": [
      13585,
      13585,
      13585
    ]
  },
  "test_metrics": {
    "forward_accuracy": 0.8615875442822775,
    "backward_accuracy": 0.8838980793952942,
    "f1_score": 0.8726002268841242,
    "per_category": {
      "E-commerce": 0.8878627220789591,
      "Gambling": 0.9399273991584778,
      "Services": 0.7628073692321777,
      "Retail": 0.8981485565503439,
      "Luxury": 0.930059572060903
    },
    "per_exchange": [
      {
        "exchange_id": 0,
        "forward_accuracy": 0.8990062475204468,
        "backward_accuracy": 0.8885928988456726,
        "per_category": {
          "E-commerce": 0.8791208863258362,
          "Gambling": 0.9474285840988159,
          "Services": 0.7827715277671814,
          "Retail": 0.8924350142478943,
          "Luxury": 0.9365482330322266
        }
      },
      {
        "exchange_id": 1,
        "forward_accuracy": 0.8389400243759155,
        "backward_accuracy": 0.8804790377616882,
        "per_category": {
          "E-commerce": 0.8847118020057678,
          "Gambling": 0.9377289414405823,
          "Services": 0.7532467246055603,
          "Retail": 0.8937644362449646,
          "Luxury": 0.9349112510681152
        }
      },
      {
        "exchange_id": 2,
        "forward_accuracy": 0.84681636095047,
        "backward_accuracy": 0.8826223015785217,
        "per_category": {
          "E-commerce": 0.8997554779052734,
          "Gambling": 0.9346246719360352,
          "Services": 0.7524038553237915,
          "Retail": 0.9082462191581726,
          "Luxury": 0.9187192320823669
        }
      }
    ]
  },
  "history": {
    "rounds": [
      1,
      2,
      3,
      4,
      5,
      6,
      7,
      8,
      9,
      10,
      11,
      12,
      13,
      14,
      15,
      16,
      17,
      18,
      19,
      20
    ],
    "forward_accuracy": [
      0.6612440049648285,
      0.695841004451116,
      0.7128205100695292,
      0.7944055795669556,
      0.8339590231577555,
      0.8489265243212382,
      0.8567292292912801,
      0.85991903146108,
      0.8642375071843466,
      0.8663476904233297,
      0.8689976533253988,
      0.8729235728581747,
      0.8737578193346659,
      0.875868002573649,
      0.8772666056950887,
      0.8801619410514832,
      0.8796466588973999,
      0.8807999094327291,
      0.8808489839235941,
      0.8816096186637878
    ],
    "backward_accuracy": [
      0.31336309512456256,
      0.44700289765993756,
      0.58812282482783,
      0.6867396831512451,
      0.7536039551099142,
      0.8062808712323507,
      0.835149884223938,
      0.850967268149058,
      0.859766940275828,
      0.864522914091746,
      0.868732730547587,
      0.8716242710749308,
      0.8750004768371582,
      0.8757977883021036,
      0.87668909629186,
      0.8786342541376749,
      0.8807138601938883,
      0.8816856145858765,
      0.8839323321978251,
      0.8829031189282736
    ],
    "loss": [
      2.9782417880164256,
      2.481678379906548,
      1.9891820351282756,
      1.6337038146124947,
      1.3972080945968628,
      1.234920064608256,
      1.1214341852400038,
      1.044693642192417,
      0.9886875086360507,
      0.950112541516622,
      0.9180231160587735,
      0.887307345867157,
      0.8638780779308742,
      0.8416321608755323,
      0.8249302307764689,
      0.8091412319077386,
      0.7964273956086901,
      0.783125102519989,
      0.7734939124849108,
      0.7649458911683825
    ],
    "flame_outliers": [
      0,
      0,
      0,
      0,
      0,
      0,
      0,
      0,
      0,
      0,
      0,
      0,
      0,
      0,
      0,
      0,
      0,
      0,
      0,
      0
    ]
  },
  "defense_stats": {
    "total_flame_outliers": 0,
    "rounds_to_converge": 6
  }
}