{
  "approach": "fl_secure",
  "experiment_name": "fl_serverDP",
  "timestamp": "2026-01-27T11:26:56.630679",
  "model_config": {
    "in_channels": 191,
    "hidden_dim": 128,
    "dropout": 0.3,
    "num_exchanges": 3,
    "num_categories": 6,
    "num_layers": 3
  },
  "training_config": {
    "rounds": 20,
    "local_epochs": 3,
    "lr": 0.002,
    "alpha_forward": 1.0,
    "alpha_backward": 1.5,
    "split_ratio": "60/20/20"
  },
  "security_config": {
    "client_dp_enabled": false,
    "server_dp_enabled": true,
    "epsilon": 8.0,
    "noise_multiplier": 0.1,
    "flame_enabled": false,
    "adversarial_enabled": false
  },
  "data_config": {
    "split_seed": 42,
    "split_ratio": "60/20/20",
    "feature_count": 191,
    "total_transactions": 203769,
    "transactions_per_exchange": [
      67923,
      67923,
      67923
    ],
    "train_size_per_exchange": [
      40753,
      40753,
      40753
    ],
    "test_size_per_exchange": [
      13585,
      13585,
      13585
    ]
  },
  "test_metrics": {
    "forward_accuracy": 0.8523126045862833,
    "backward_accuracy": 0.8780270218849182,
    "f1_score": 0.8649787434459213,
    "per_category": {
      "E-commerce": 0.8809606631596884,
      "Gambling": 0.9347666303316752,
      "Services": 0.7448243697484335,
      "Retail": 0.900102972984314,
      "Luxury": 0.9285528262456259
    },
    "per_exchange": [
      {
        "exchange_id": 0,
        "forward_accuracy": 0.8838424682617188,
        "backward_accuracy": 0.879147469997406,
        "per_category": {
          "E-commerce": 0.8669108748435974,
          "Gambling": 0.9417142868041992,
          "Services": 0.7490636706352234,
          "Retail": 0.8983451724052429,
          "Luxury": 0.9340101480484009
        }
      },
      {
        "exchange_id": 1,
        "forward_accuracy": 0.8334928154945374,
        "backward_accuracy": 0.8761676549911499,
        "per_category": {
          "E-commerce": 0.8872180581092834,
          "Gambling": 0.9279609322547913,
          "Services": 0.7426210045814514,
          "Retail": 0.9018476009368896,
          "Luxury": 0.9230769276618958
        }
      },
      {
        "exchange_id": 2,
        "forward_accuracy": 0.839602530002594,
        "backward_accuracy": 0.8787659406661987,
        "per_category": {
          "E-commerce": 0.8887530565261841,
          "Gambling": 0.9346246719360352,
          "Services": 0.7427884340286255,
          "Retail": 0.9001161456108093,
          "Luxury": 0.9285714030265808
        }
      }
    ]
  },
  "history": {
    "rounds": [
      1,
      2,
      3,
      4,
      5,
      6,
      7,
      8,
      9,
      10,
      11,
      12,
      13,
      14,
      15,
      16,
      17,
      18,
      19,
      20
    ],
    "forward_accuracy": [
      0.4017911950747172,
      0.5726414024829865,
      0.7541651527086893,
      0.8047110835711161,
      0.8328057924906412,
      0.8429149985313416,
      0.843160351117452,
      0.8622009555498759,
      0.8581032951672872,
      0.8643601934115092,
      0.8598944942156473,
      0.8646301031112671,
      0.8699300686518351,
      0.8713041543960571,
      0.8710342248280843,
      0.8707643151283264,
      0.8671574195226034,
      0.8689485987027487,
      0.8726045687993368,
      0.87481290102005
    ],
    "backward_accuracy": [
      0.29853931069374084,
      0.45218820373217267,
      0.5516437391440073,
      0.6970740358034769,
      0.7398601770401001,
      0.7980461517969767,
      0.8224745591481527,
      0.8403886556625366,
      0.8530447284380595,
      0.8533583084742228,
      0.8569082021713257,
      0.858947734038035,
      0.8662188847859701,
      0.8696737885475159,
      0.869948665301005,
      0.8694993257522583,
      0.8764389952023824,
      0.8739380240440369,
      0.8782442410786947,
      0.8771569132804871
    ],
    "loss": [
      2.9512834284040665,
      2.512702703475952,
      2.0657199356291027,
      1.7065978315141466,
      1.4378783305486043,
      1.2619130611419678,
      1.1378420856263902,
      1.060836864842309,
      1.004604736963908,
      0.9603838192092048,
      0.9283129506640964,
      0.9082303444544474,
      0.8825773729218377,
      0.8611980213059319,
      0.8437669144736396,
      0.8352913326687282,
      0.820302857293023,
      0.8057135740915934,
      0.7953880098130967,
      0.7840294043223063
    ],
    "flame_outliers": [
      0,
      0,
      0,
      0,
      0,
      0,
      0,
      0,
      0,
      0,
      0,
      0,
      0,
      0,
      0,
      0,
      0,
      0,
      0,
      0
    ]
  },
  "defense_stats": {
    "total_flame_outliers": 0,
    "rounds_to_converge": 7
  }
}