{
  "approach": "fl_secure",
  "experiment_name": "privacy_eps_8",
  "timestamp": "2026-01-27T12:10:34.777542",
  "model_config": {
    "in_channels": 191,
    "hidden_dim": 128,
    "dropout": 0.3,
    "num_exchanges": 3,
    "num_categories": 6,
    "num_layers": 3
  },
  "training_config": {
    "rounds": 20,
    "local_epochs": 3,
    "lr": 0.002,
    "alpha_forward": 1.0,
    "alpha_backward": 1.5,
    "split_ratio": "60/20/20"
  },
  "security_config": {
    "client_dp_enabled": false,
    "server_dp_enabled": true,
    "epsilon": 8.0,
    "noise_multiplier": 0.1,
    "flame_enabled": true,
    "adversarial_enabled": true
  },
  "data_config": {
    "split_seed": 42,
    "split_ratio": "60/20/20",
    "feature_count": 191,
    "total_transactions": 203769,
    "transactions_per_exchange": [
      67923,
      67923,
      67923
    ],
    "train_size_per_exchange": [
      40753,
      40753,
      40753
    ],
    "test_size_per_exchange": [
      13585,
      13585,
      13585
    ]
  },
  "test_metrics": {
    "forward_accuracy": 0.8593301375706991,
    "backward_accuracy": 0.8797283371289571,
    "f1_score": 0.8694096075181484,
    "per_category": {
      "E-commerce": 0.8702533642450968,
      "Gambling": 0.9403466582298279,
      "Services": 0.7822094957033793,
      "Retail": 0.8904282848040262,
      "Luxury": 0.9145827094713846
    },
    "per_exchange": [
      {
        "exchange_id": 0,
        "forward_accuracy": 0.9152742028236389,
        "backward_accuracy": 0.8876241445541382,
        "per_category": {
          "E-commerce": 0.8669108748435974,
          "Gambling": 0.9462857246398926,
          "Services": 0.8039950132369995,
          "Retail": 0.8947990536689758,
          "Luxury": 0.9213197827339172
        }
      },
      {
        "exchange_id": 1,
        "forward_accuracy": 0.8150165677070618,
        "backward_accuracy": 0.8759281635284424,
        "per_category": {
          "E-commerce": 0.8734335899353027,
          "Gambling": 0.9352869391441345,
          "Services": 0.7685950398445129,
          "Retail": 0.8891454935073853,
          "Luxury": 0.9147928953170776
        }
      },
      {
        "exchange_id": 2,
        "forward_accuracy": 0.8476996421813965,
        "backward_accuracy": 0.8756327033042908,
        "per_category": {
          "E-commerce": 0.8704156279563904,
          "Gambling": 0.9394673109054565,
          "Services": 0.7740384340286255,
          "Retail": 0.8873403072357178,
          "Luxury": 0.9076354503631592
        }
      }
    ]
  },
  "history": {
    "rounds": [
      1,
      2,
      3,
      4,
      5,
      6,
      7,
      8,
      9,
      10,
      11,
      12,
      13,
      14,
      15,
      16,
      17,
      18,
      19,
      20
    ],
    "forward_accuracy": [
      0.2627162237962087,
      0.5179241895675659,
      0.7361305356025696,
      0.7694270809491476,
      0.8158753315607706,
      0.8041958014170328,
      0.8537602623303732,
      0.7336523135503134,
      0.8371733625729879,
      0.8183044989903768,
      0.8584713339805603,
      0.832241435845693,
      0.8877438505490621,
      0.8800883491834005,
      0.8723101417223612,
      0.8688995242118835,
      0.8267451922098795,
      0.8850202361742655,
      0.8286100029945374,
      0.8542019327481588
    ],
    "backward_accuracy": [
      0.23738728960355124,
      0.4125644365946452,
      0.5871475537618002,
      0.7152080138524374,
      0.7545045812924703,
      0.8019930322964987,
      0.8235300381978353,
      0.837413469950358,
      0.8427205085754395,
      0.8510382970174154,
      0.8572201331456503,
      0.8620589375495911,
      0.8604628443717957,
      0.8656290173530579,
      0.8720656037330627,
      0.8708313504854838,
      0.8747950394948324,
      0.8769075671831766,
      0.8764201005299886,
      0.8756254514058431
    ],
    "loss": [
      2.9098739359113908,
      2.534637424680922,
      2.040002637439304,
      1.6442520353529186,
      1.3952528900570338,
      1.3132507536146376,
      1.1728273100323146,
      1.1542245282067194,
      1.0688942472139995,
      1.0023453500535753,
      0.9708911114268832,
      0.9429291354285346,
      0.9611167576577929,
      0.9651650786399841,
      0.8461863001187643,
      0.8341921899053787,
      0.9090662929746841,
      0.8306371370951334,
      0.8423206607500712,
      0.8210226827197605
    ],
    "flame_outliers": [
      0,
      0,
      0,
      0,
      0,
      0,
      0,
      0,
      0,
      0,
      0,
      0,
      0,
      0,
      0,
      0,
      0,
      0,
      0,
      0
    ]
  },
  "defense_stats": {
    "total_flame_outliers": 0,
    "rounds_to_converge": 6
  }
}