{
  "approach": "fl_secure",
  "experiment_name": "privacy_eps_2",
  "timestamp": "2026-01-27T12:31:06.044930",
  "model_config": {
    "in_channels": 191,
    "hidden_dim": 128,
    "dropout": 0.3,
    "num_exchanges": 3,
    "num_categories": 6,
    "num_layers": 3
  },
  "training_config": {
    "rounds": 20,
    "local_epochs": 3,
    "lr": 0.002,
    "alpha_forward": 1.0,
    "alpha_backward": 1.5,
    "split_ratio": "60/20/20"
  },
  "security_config": {
    "client_dp_enabled": false,
    "server_dp_enabled": true,
    "epsilon": 2.0,
    "noise_multiplier": 0.5,
    "flame_enabled": true,
    "adversarial_enabled": true
  },
  "data_config": {
    "split_seed": 42,
    "split_ratio": "60/20/20",
    "feature_count": 191,
    "total_transactions": 203769,
    "transactions_per_exchange": [
      67923,
      67923,
      67923
    ],
    "train_size_per_exchange": [
      40753,
      40753,
      40753
    ],
    "test_size_per_exchange": [
      13585,
      13585,
      13585
    ]
  },
  "test_metrics": {
    "forward_accuracy": 0.3401791254679362,
    "backward_accuracy": 0.22155306239922842,
    "f1_score": 0.2683404249910464,
    "per_category": {
      "E-commerce": 0.0020359971870978675,
      "Gambling": 0.13267774879932404,
      "Services": 0.3892628451188405,
      "Retail": 0.43639055887858075,
      "Luxury": 0.13636664797862372
    },
    "per_exchange": [
      {
        "exchange_id": 0,
        "forward_accuracy": 0.17938902974128723,
        "backward_accuracy": 0.22717365622520447,
        "per_category": {
          "E-commerce": 0.0036630036775022745,
          "Gambling": 0.12685714662075043,
          "Services": 0.40199750661849976,
          "Retail": 0.4314420819282532,
          "Luxury": 0.17385786771774292
        }
      },
      {
        "exchange_id": 1,
        "forward_accuracy": 0.5487670302391052,
        "backward_accuracy": 0.22586826980113983,
        "per_category": {
          "E-commerce": 0.0,
          "Gambling": 0.14163614809513092,
          "Services": 0.39079102873802185,
          "Retail": 0.45496535301208496,
          "Luxury": 0.12071006000041962
        }
      },
      {
        "exchange_id": 2,
        "forward_accuracy": 0.29238131642341614,
        "backward_accuracy": 0.21161726117134094,
        "per_category": {
          "E-commerce": 0.0024449878837913275,
          "Gambling": 0.12953995168209076,
          "Services": 0.375,
          "Retail": 0.42276424169540405,
          "Luxury": 0.11453201621770859
        }
      }
    ]
  },
  "history": {
    "rounds": [
      1,
      2,
      3,
      4,
      5,
      6,
      7,
      8,
      9,
      10,
      11,
      12,
      13,
      14,
      15,
      16,
      17,
      18,
      19,
      20
    ],
    "forward_accuracy": [
      0.1489142452677091,
      0.28158508241176605,
      0.47154950102170307,
      0.6763096451759338,
      0.6928229729334513,
      0.7207949956258138,
      0.7447429895401001,
      0.554140587647756,
      0.7013863126436869,
      0.6084897617499033,
      0.6300331354141235,
      0.5825297633806864,
      0.6290516555309296,
      0.558091014623642,
      0.6065758963425955,
      0.20078518241643906,
      0.574260820945104,
      0.6481413344542185,
      0.4866151511669159,
      0.527223656574885
    ],
    "backward_accuracy": [
      0.19850338498751322,
      0.315807302792867,
      0.39976171652475995,
      0.4124194284280141,
      0.40803664922714233,
      0.39433128635088605,
      0.34853612383206684,
      0.3301888207594554,
      0.29719502727190655,
      0.33943458398183185,
      0.29783056179682416,
      0.27913105487823486,
      0.27517367402712506,
      0.26862208048502606,
      0.22927399476369223,
      0.22780259450276694,
      0.2001393586397171,
      0.23252990345160165,
      0.22501462697982788,
      0.22123706340789795
    ],
    "loss": [
      2.9537843068440757,
      2.7154280609554715,
      2.528405891524421,
      2.347751326031155,
      2.2823738786909313,
      2.333775149451362,
      2.3484963178634644,
      2.4170188109079995,
      2.4997151692708335,
      2.582919730080499,
      2.734636200798883,
      2.9465786616007485,
      3.2056410047743054,
      3.532386064529419,
      3.8560659885406494,
      4.635063065422906,
      4.781667815314399,
      5.137898127237956,
      5.26323397954305,
      5.902812798817952
    ],
    "flame_outliers": [
      0,
      0,
      0,
      0,
      0,
      0,
      0,
      0,
      0,
      0,
      0,
      0,
      0,
      0,
      0,
      0,
      0,
      0,
      0,
      0
    ]
  },
  "defense_stats": {
    "total_flame_outliers": 0,
    "rounds_to_converge": null
  }
}