{
  "approach": "fl_secure",
  "experiment_name": "privacy_eps_16",
  "timestamp": "2026-01-27T12:01:02.103099",
  "model_config": {
    "in_channels": 191,
    "hidden_dim": 128,
    "dropout": 0.3,
    "num_exchanges": 3,
    "num_categories": 6,
    "num_layers": 3
  },
  "training_config": {
    "rounds": 20,
    "local_epochs": 3,
    "lr": 0.002,
    "alpha_forward": 1.0,
    "alpha_backward": 1.5,
    "split_ratio": "60/20/20"
  },
  "security_config": {
    "client_dp_enabled": false,
    "server_dp_enabled": true,
    "epsilon": 16.0,
    "noise_multiplier": 0.05,
    "flame_enabled": true,
    "adversarial_enabled": true
  },
  "data_config": {
    "split_seed": 42,
    "split_ratio": "60/20/20",
    "feature_count": 191,
    "total_transactions": 203769,
    "transactions_per_exchange": [
      67923,
      67923,
      67923
    ],
    "train_size_per_exchange": [
      40753,
      40753,
      40753
    ],
    "test_size_per_exchange": [
      13585,
      13585,
      13585
    ]
  },
  "test_metrics": {
    "forward_accuracy": 0.8715004126230875,
    "backward_accuracy": 0.8842272162437439,
    "f1_score": 0.8778176878225066,
    "per_category": {
      "E-commerce": 0.881693442662557,
      "Gambling": 0.9359546899795532,
      "Services": 0.7868535916010538,
      "Retail": 0.889992912610372,
      "Luxury": 0.926268478234609
    },
    "per_exchange": [
      {
        "exchange_id": 0,
        "forward_accuracy": 0.9365476369857788,
        "backward_accuracy": 0.8890772461891174,
        "per_category": {
          "E-commerce": 0.8681318759918213,
          "Gambling": 0.9428571462631226,
          "Services": 0.8202247023582458,
          "Retail": 0.8853427767753601,
          "Luxury": 0.9251269102096558
        }
      },
      {
        "exchange_id": 1,
        "forward_accuracy": 0.8244386911392212,
        "backward_accuracy": 0.8771257400512695,
        "per_category": {
          "E-commerce": 0.8771929740905762,
          "Gambling": 0.9279609322547913,
          "Services": 0.762691855430603,
          "Retail": 0.8856812715530396,
          "Luxury": 0.9337278008460999
        }
      },
      {
        "exchange_id": 2,
        "forward_accuracy": 0.8535149097442627,
        "backward_accuracy": 0.8864786624908447,
        "per_category": {
          "E-commerce": 0.8997554779052734,
          "Gambling": 0.9370459914207458,
          "Services": 0.7776442170143127,
          "Retail": 0.8989546895027161,
          "Luxury": 0.9199507236480713
        }
      }
    ]
  },
  "history": {
    "rounds": [
      1,
      2,
      3,
      4,
      5,
      6,
      7,
      8,
      9,
      10,
      11,
      12,
      13,
      14,
      15,
      16,
      17,
      18,
      19,
      20
    ],
    "forward_accuracy": [
      0.2627407560745875,
      0.508060355981191,
      0.7256532907485962,
      0.781548281510671,
      0.8235799272855123,
      0.8180591265360514,
      0.8730953335762024,
      0.755514661471049,
      0.8324868083000183,
      0.8350631793340048,
      0.8534412980079651,
      0.8400196234385172,
      0.8875229954719543,
      0.8753281633059183,
      0.8630842765172323,
      0.8644092877705892,
      0.8366580804189047,
      0.8795485297838846,
      0.8301312724749247,
      0.8634032607078552
    ],
    "backward_accuracy": [
      0.31549681226412457,
      0.42188122868537903,
      0.5705330967903137,
      0.6918919086456299,
      0.7776686747868856,
      0.8083606561024984,
      0.8297908703486124,
      0.8425265749295553,
      0.8539954821268717,
      0.8590265512466431,
      0.8629586100578308,
      0.8661330938339233,
      0.8698090513547262,
      0.8727136055628458,
      0.8736981352170309,
      0.8745050430297852,
      0.8773069183031718,
      0.8795134822527567,
      0.8799914121627808,
      0.882182796796163
    ],
    "loss": [
      2.9290930695003934,
      2.578790956073337,
      2.0989737775590687,
      1.700866315099928,
      1.4456703397962782,
      1.3374078141318428,
      1.1860144204563563,
      1.149350729253557,
      1.0648371047443812,
      1.0019667214817471,
      0.958554963270823,
      0.9325613644387988,
      0.9449408981535169,
      0.9488759107059902,
      0.8413460652033488,
      0.8203407592243618,
      0.8878426485591465,
      0.8154946499400669,
      0.8203801115353903,
      0.7986141973071628
    ],
    "flame_outliers": [
      0,
      0,
      0,
      0,
      0,
      0,
      0,
      0,
      0,
      0,
      0,
      0,
      0,
      0,
      0,
      0,
      0,
      0,
      0,
      0
    ]
  },
  "defense_stats": {
    "total_flame_outliers": 0,
    "rounds_to_converge": 6
  }
}