{
  "approach": "fl_secure",
  "experiment_name": "privacy_eps_inf",
  "timestamp": "2026-01-27T11:51:51.957278",
  "model_config": {
    "in_channels": 191,
    "hidden_dim": 128,
    "dropout": 0.3,
    "num_exchanges": 3,
    "num_categories": 6,
    "num_layers": 3
  },
  "training_config": {
    "rounds": 20,
    "local_epochs": 3,
    "lr": 0.002,
    "alpha_forward": 1.0,
    "alpha_backward": 1.5,
    "split_ratio": "60/20/20"
  },
  "security_config": {
    "client_dp_enabled": false,
    "server_dp_enabled": false,
    "epsilon": null,
    "noise_multiplier": 0.0,
    "flame_enabled": true,
    "adversarial_enabled": true
  },
  "data_config": {
    "split_seed": 42,
    "split_ratio": "60/20/20",
    "feature_count": 191,
    "total_transactions": 203769,
    "transactions_per_exchange": [
      67923,
      67923,
      67923
    ],
    "train_size_per_exchange": [
      40753,
      40753,
      40753
    ],
    "test_size_per_exchange": [
      13585,
      13585,
      13585
    ]
  },
  "test_metrics": {
    "forward_accuracy": 0.8186234831809998,
    "backward_accuracy": 0.8818105657895406,
    "f1_score": 0.8490430279368607,
    "per_category": {
      "E-commerce": 0.8844976226488749,
      "Gambling": 0.9370871980985006,
      "Services": 0.7738807797431946,
      "Retail": 0.8985200723012289,
      "Luxury": 0.9136761029561361
    },
    "per_exchange": [
      {
        "exchange_id": 0,
        "forward_accuracy": 0.8013249635696411,
        "backward_accuracy": 0.8856866359710693,
        "per_category": {
          "E-commerce": 0.8864468932151794,
          "Gambling": 0.9462857246398926,
          "Services": 0.7802746295928955,
          "Retail": 0.8924350142478943,
          "Luxury": 0.9175127148628235
        }
      },
      {
        "exchange_id": 1,
        "forward_accuracy": 0.8573426604270935,
        "backward_accuracy": 0.8776047825813293,
        "per_category": {
          "E-commerce": 0.8721804618835449,
          "Gambling": 0.9242979288101196,
          "Services": 0.772136926651001,
          "Retail": 0.9018476009368896,
          "Luxury": 0.918343186378479
        }
      },
      {
        "exchange_id": 2,
        "forward_accuracy": 0.7972028255462646,
        "backward_accuracy": 0.8821402788162231,
        "per_category": {
          "E-commerce": 0.8948655128479004,
          "Gambling": 0.9406779408454895,
          "Services": 0.7692307829856873,
          "Retail": 0.9012776017189026,
          "Luxury": 0.9051724076271057
        }
      }
    ]
  },
  "history": {
    "rounds": [
      1,
      2,
      3,
      4,
      5,
      6,
      7,
      8,
      9,
      10,
      11,
      12,
      13,
      14,
      15,
      16,
      17,
      18,
      19,
      20
    ],
    "forward_accuracy": [
      0.6437492469946543,
      0.7246227463086446,
      0.7456753849983215,
      0.8220341006914774,
      0.8245859543482462,
      0.8192614316940308,
      0.8604588309923807,
      0.8138142625490824,
      0.8692185084025065,
      0.8727763493855795,
      0.860606054464976,
      0.8547417720158895,
      0.8870322704315186,
      0.8682124813397726,
      0.8807262976964315,
      0.8290271162986755,
      0.8344497680664062,
      0.8198012510935465,
      0.8625199397404989,
      0.8846521973609924
    ],
    "backward_accuracy": [
      0.30221109588940936,
      0.4706237216790517,
      0.6515558560689291,
      0.7581418553988138,
      0.8038531939188639,
      0.8322598139444987,
      0.8457041382789612,
      0.8537996411323547,
      0.8600194851557413,
      0.8622889717419943,
      0.8630302945772806,
      0.8675375580787659,
      0.8698684573173523,
      0.8728978832562765,
      0.8752582867940267,
      0.8769461512565613,
      0.879367729028066,
      0.8779104749361674,
      0.8805641134579977,
      0.8805606563886007
    ],
    "loss": [
      3.0962340566847057,
      2.6032216284010143,
      2.0997245444191823,
      1.6805405351850722,
      1.47889244556427,
      1.2763994269900854,
      1.1278681225246854,
      1.0947332117292616,
      0.9989048176341586,
      0.9497195747163559,
      0.9966363774405586,
      0.9122471544477674,
      0.9466095434294807,
      0.8675300942526922,
      0.8341538839870029,
      0.9061988525920444,
      0.8372289339701334,
      0.8185597525702583,
      0.8316898610856797,
      0.8204590082168579
    ],
    "flame_outliers": [
      0,
      0,
      0,
      0,
      0,
      0,
      0,
      0,
      0,
      0,
      0,
      0,
      0,
      0,
      0,
      0,
      0,
      0,
      0,
      0
    ]
  },
  "defense_stats": {
    "total_flame_outliers": 0,
    "rounds_to_converge": 5
  }
}