{
  "approach": "fl_secure",
  "experiment_name": "privacy_eps_4",
  "timestamp": "2026-01-27T12:20:40.937733",
  "model_config": {
    "in_channels": 191,
    "hidden_dim": 128,
    "dropout": 0.3,
    "num_exchanges": 3,
    "num_categories": 6,
    "num_layers": 3
  },
  "training_config": {
    "rounds": 20,
    "local_epochs": 3,
    "lr": 0.002,
    "alpha_forward": 1.0,
    "alpha_backward": 1.5,
    "split_ratio": "60/20/20"
  },
  "security_config": {
    "client_dp_enabled": false,
    "server_dp_enabled": true,
    "epsilon": 4.0,
    "noise_multiplier": 0.3,
    "flame_enabled": true,
    "adversarial_enabled": true
  },
  "data_config": {
    "split_seed": 42,
    "split_ratio": "60/20/20",
    "feature_count": 191,
    "total_transactions": 203769,
    "transactions_per_exchange": [
      67923,
      67923,
      67923
    ],
    "train_size_per_exchange": [
      40753,
      40753,
      40753
    ],
    "test_size_per_exchange": [
      13585,
      13585,
      13585
    ]
  },
  "test_metrics": {
    "forward_accuracy": 0.7361059983571371,
    "backward_accuracy": 0.7560122211774191,
    "f1_score": 0.7459263261507445,
    "per_category": {
      "E-commerce": 0.6447476148605347,
      "Gambling": 0.8919320702552795,
      "Services": 0.819806973139445,
      "Retail": 0.6703903476397196,
      "Luxury": 0.7516287366549174
    },
    "per_exchange": [
      {
        "exchange_id": 0,
        "forward_accuracy": 0.6705925464630127,
        "backward_accuracy": 0.7813029885292053,
        "per_category": {
          "E-commerce": 0.6715506911277771,
          "Gambling": 0.9165714383125305,
          "Services": 0.8252184987068176,
          "Retail": 0.7245863080024719,
          "Luxury": 0.7614213228225708
        }
      },
      {
        "exchange_id": 1,
        "forward_accuracy": 0.7954361438751221,
        "backward_accuracy": 0.7516167759895325,
        "per_category": {
          "E-commerce": 0.6441102623939514,
          "Gambling": 0.8742368817329407,
          "Services": 0.8229043483734131,
          "Retail": 0.6501154899597168,
          "Luxury": 0.7668638825416565
        }
      },
      {
        "exchange_id": 2,
        "forward_accuracy": 0.7422893047332764,
        "backward_accuracy": 0.7351168990135193,
        "per_category": {
          "E-commerce": 0.6185818910598755,
          "Gambling": 0.8849878907203674,
          "Services": 0.8112980723381042,
          "Retail": 0.6364692449569702,
          "Luxury": 0.7266010046005249
        }
      }
    ]
  },
  "history": {
    "rounds": [
      1,
      2,
      3,
      4,
      5,
      6,
      7,
      8,
      9,
      10,
      11,
      12,
      13,
      14,
      15,
      16,
      17,
      18,
      19,
      20
    ],
    "forward_accuracy": [
      0.35369892170031864,
      0.7213593324025472,
      0.7553429007530212,
      0.7714390754699707,
      0.7787510752677917,
      0.7647650639216105,
      0.8196785648663839,
      0.6909581820170084,
      0.7987240751584371,
      0.7584836284319559,
      0.7883940736452738,
      0.7761256297429403,
      0.8168813784917196,
      0.8390381336212158,
      0.8060360749562582,
      0.8298859000205994,
      0.7980615893999735,
      0.8281928698221842,
      0.7322537104288737,
      0.8241197466850281
    ],
    "backward_accuracy": [
      0.22472290198008218,
      0.3461666703224182,
      0.4163251717885335,
      0.5669804016749064,
      0.6280567049980164,
      0.674711803595225,
      0.7060507337252299,
      0.7034180959065756,
      0.7534923354784647,
      0.7689036726951599,
      0.7368897994359335,
      0.7627402146657308,
      0.7534470160802206,
      0.7629565199216207,
      0.6829243699709574,
      0.7764734824498495,
      0.7919013897577921,
      0.7452000975608826,
      0.7479375203450521,
      0.7293194135030111
    ],
    "loss": [
      3.0865173604753284,
      2.718307150734796,
      2.341086837980482,
      2.0036480824152627,
      1.7707725365956624,
      1.6903160280651515,
      1.5469628042644923,
      1.5328368080986872,
      1.4436391724480524,
      1.381411724620395,
      1.344172517458598,
      1.3499072790145874,
      1.3785132434633045,
      1.4060723119311864,
      1.331238004896376,
      1.3682472705841064,
      1.450341608789232,
      1.3925535678863525,
      1.4500812159644232,
      1.4618356757693822
    ],
    "flame_outliers": [
      0,
      0,
      0,
      0,
      0,
      0,
      0,
      0,
      0,
      0,
      0,
      0,
      0,
      0,
      0,
      0,
      0,
      0,
      0,
      0
    ]
  },
  "defense_stats": {
    "total_flame_outliers": 0,
    "rounds_to_converge": null
  }
}