{
  "approach": "fl_secure",
  "experiment_name": "privacy_eps_1",
  "timestamp": "2026-01-27T16:28:26.246122",
  "model_config": {
    "in_channels": 191,
    "hidden_dim": 128,
    "dropout": 0.3,
    "num_exchanges": 3,
    "num_categories": 6,
    "num_layers": 3
  },
  "training_config": {
    "rounds": 20,
    "local_epochs": 3,
    "lr": 0.002,
    "alpha_forward": 1.0,
    "alpha_backward": 1.5,
    "split_ratio": "60/20/20"
  },
  "security_config": {
    "client_dp_enabled": false,
    "server_dp_enabled": true,
    "epsilon": 1.0,
    "noise_multiplier": 1.0,
    "flame_enabled": true,
    "adversarial_enabled": true
  },
  "data_config": {
    "split_seed": 42,
    "split_ratio": "60/20/20",
    "feature_count": 191,
    "total_transactions": 203769,
    "transactions_per_exchange": [
      67923,
      67923,
      67923
    ],
    "train_size_per_exchange": [
      40753,
      40753,
      40753
    ],
    "test_size_per_exchange": [
      13585,
      13585,
      13585
    ]
  },
  "test_metrics": {
    "forward_accuracy": 0.2674027780691783,
    "backward_accuracy": 0.09414401650428772,
    "f1_score": 0.13925927116315062,
    "per_category": {
      "E-commerce": 0.008678022927294174,
      "Gambling": 0.0,
      "Services": 0.41189926862716675,
      "Retail": 0.04592307284474373,
      "Luxury": 0.00367149175144732
    },
    "per_exchange": [
      {
        "exchange_id": 0,
        "forward_accuracy": 0.0,
        "backward_accuracy": 0.07410995662212372,
        "per_category": {
          "E-commerce": 0.004884005058556795,
          "Gambling": 0.0,
          "Services": 0.31710362434387207,
          "Retail": 0.054373521357774734,
          "Luxury": 0.0025380710139870644
        }
      },
      {
        "exchange_id": 1,
        "forward_accuracy": 0.599411129951477,
        "backward_accuracy": 0.10275448858737946,
        "per_category": {
          "E-commerce": 0.015037594363093376,
          "Gambling": 0.0,
          "Services": 0.4486422538757324,
          "Retail": 0.03926096856594086,
          "Luxury": 0.003550295950844884
        }
      },
      {
        "exchange_id": 2,
        "forward_accuracy": 0.20279720425605774,
        "backward_accuracy": 0.10556760430335999,
        "per_category": {
          "E-commerce": 0.006112469360232353,
          "Gambling": 0.0,
          "Services": 0.46995192766189575,
          "Retail": 0.044134728610515594,
          "Luxury": 0.004926108289510012
        }
      }
    ]
  },
  "history": {
    "rounds": [
      1,
      2,
      3,
      4,
      5,
      6,
      7,
      8,
      9,
      10,
      11,
      12,
      13,
      14,
      15,
      16,
      17,
      18,
      19,
      20
    ],
    "forward_accuracy": [
      0.15364985913038254,
      0.5156667828559875,
      0.3264630138874054,
      0.4072629113992055,
      0.26153846085071564,
      0.2622254937887192,
      0.2640903039524953,
      0.506048321723938,
      0.16029934771358967,
      0.13600785533587137,
      0.13600785533587137,
      0.13600785533587137,
      0.13600785533587137,
      0.5571586340665817,
      0.6012759059667587,
      0.1518832022945086,
      0.13600785533587137,
      0.13600785533587137,
      0.4747147460778554,
      0.6012513687213262
    ],
    "backward_accuracy": [
      0.14438466976086298,
      0.1731753647327423,
      0.20906402170658112,
      0.21707343558470407,
      0.1777701129515966,
      0.1413706342379252,
      0.09637625018755595,
      0.17937730252742767,
      0.17896758516629538,
      0.0,
      0.0,
      0.0,
      0.0,
      0.20056783159573874,
      0.04191070174177488,
      0.14565387864907584,
      0.0,
      0.18549288312594095,
      0.07043392956256866,
      0.0867508774002393
    ],
    "loss": [
      2.8910860485500756,
      2.9412957032521567,
      3.2093898190392385,
      3.280272510316637,
      3.9198605749342175,
      5.139276027679443,
      6.461505519019233,
      8.613316429985893,
      12.958223554823135,
      17.651514477199978,
      27.67677391899956,
      39.70038859049479,
      NaN,
      NaN,
      153.97411431206595,
      385.22381252712677,
      656.4382120768229,
      996.4271714952257,
      NaN,
      2622.0360514322915
    ],
    "flame_outliers": [
      0,
      0,
      0,
      0,
      0,
      0,
      0,
      0,
      0,
      0,
      0,
      0,
      1,
      1,
      0,
      0,
      0,
      0,
      1,
      0
    ]
  },
  "defense_stats": {
    "total_flame_outliers": 3,
    "rounds_to_converge": null
  }
}